<Ui xmlns="http://www.blizzard.com/wow/ui/" xmlns:xsi="http://www.w3.org/2001/XMLSchema-instance" xsi:schemaLocation="http://www.blizzard.com/wow/ui/..\FrameXML\UI.xsd">
	<Script file="LibStub\LibStub.lua"/>
	<Script file="LibWindow-1.1\LibWindow-1.1.lua"/>
	<Include file="CallbackHandler-1.0\CallbackHandler-1.0.xml"/>
	<Include file="AceAddon-3.0\AceAddon-3.0.xml" />
	<Include file="AceEvent-3.0\AceEvent-3.0.xml" />
	<Include file="AceLocale-3.0\AceLocale-3.0.xml" />
	<Include file="AceDB-3.0\AceDB-3.0.xml"/>
	<Include file="DF\load.xml"/>
</Ui>
